Index,Target,Predicted,Actual
6252,Exited,0.0007638364115307619,0.0
4684,Exited,0.0009711253133504502,0.0
1731,Exited,0.004438368181550244,0.0
4742,Exited,0.0009160307280736434,0.0
4521,Exited,-0.0023191558173896905,0.0
6340,Exited,-0.000333414237269845,0.0
576,Exited,-0.00021567053052934035,0.0
5202,Exited,0.9918867680137642,1.0
6363,Exited,0.0018594881142750697,0.0
439,Exited,0.00021464599694388277,0.0
2750,Exited,0.9944720557482102,1.0
7487,Exited,0.9989811389669526,1.0
5272,Exited,0.997527500319309,1.0
5653,Exited,0.0024419622409604744,0.0
3999,Exited,-0.0035906512424028914,0.0
6033,Exited,0.000941946717749444,0.0
582,Exited,0.0017826257826850348,0.0
9930,Exited,-0.0009373302377090617,0.0
7051,Exited,0.0006681951952866333,0.0
8158,Exited,0.0026544187567951157,0.0
9896,Exited,0.0005190210631956151,0.0
2249,Exited,-0.0006693098573885732,0.0
4640,Exited,0.9954860077339409,1.0
9485,Exited,0.004157914116401229,0.0
4947,Exited,0.003335159926798256,0.0
9920,Exited,0.9938201338826174,1.0
1963,Exited,-0.0006631497613743668,0.0
8243,Exited,-0.0015389346093796644,0.0
6590,Exited,-0.0012629394714741716,0.0
8847,Exited,0.0012185814102954593,0.0
321,Exited,-0.0006838181112605183,0.0
2678,Exited,0.002575801871755381,0.0
4625,Exited,0.000229255796581273,0.0
4949,Exited,0.001848219961058952,0.0
8328,Exited,0.00016835284809442377,0.0
3337,Exited,0.9978046561772146,1.0
5589,Exited,0.9945429263168708,1.0
251,Exited,-0.0017009164614477947,0.0
3973,Exited,0.0010439188196600371,0.0
6630,Exited,-0.000800232675051334,0.0
5547,Exited,0.9950760299507981,1.0
35,Exited,0.9957957217254698,1.0
8362,Exited,-0.002355204494179112,0.0
1513,Exited,0.003193210708080336,0.0
9317,Exited,0.9938077925819337,1.0
39,Exited,-0.0009003096867331016,0.0
4819,Exited,-0.0006050790897253987,0.0
3465,Exited,0.0018101135697834985,0.0
1760,Exited,0.9911284199798288,1.0
2304,Exited,-0.00013443931447293606,0.0
3723,Exited,0.00095312657724191,0.0
8284,Exited,0.0009982275779277232,0.0
4993,Exited,0.0016576712333416874,0.0
8127,Exited,0.994002247376869,1.0
3032,Exited,0.995366314472685,1.0
7938,Exited,0.0041003976537660886,0.0
3039,Exited,-0.003166734859213904,0.0
9655,Exited,0.002107013165391894,0.0
2545,Exited,-0.00020507470159632484,0.0
2592,Exited,-0.0010946658819515885,0.0
1188,Exited,-0.00021438203606821433,0.0
7966,Exited,-0.001732714762479332,0.0
6077,Exited,0.0014855689714955286,0.0
107,Exited,-0.001041988528682526,0.0
1315,Exited,-0.0006099924861364941,0.0
8187,Exited,0.0015314638487823056,0.0
2753,Exited,-0.0010019695845444156,0.0
9753,Exited,0.004995236106167619,0.0
6231,Exited,0.9955454263117776,1.0
2876,Exited,-0.0025414089467961894,0.0
5323,Exited,-0.0011708315973032158,0.0
799,Exited,0.0005781767994007024,0.0
3570,Exited,0.996156945642317,1.0
2894,Exited,0.0012462341545528485,0.0
2927,Exited,-0.0021578993076575154,0.0
8178,Exited,0.0006664954343610502,0.0
971,Exited,-0.0015614078649909269,0.0
6687,Exited,-0.002653135736737554,0.0
8575,Exited,0.001615523707310533,0.0
2020,Exited,0.0009662583078096181,0.0
9054,Exited,-0.0032314230676429414,0.0
952,Exited,0.0048103125300393654,0.0
5359,Exited,0.9928142939902627,1.0
3857,Exited,0.0014150967237569867,0.0
5861,Exited,0.0012528411211193973,0.0
3145,Exited,0.9947877392032622,1.0
3305,Exited,0.003940699433849572,0.0
3006,Exited,0.9960888858163225,1.0
9001,Exited,-0.00038236323626122167,0.0
7770,Exited,-0.000618757927502571,0.0
7438,Exited,0.0006744593880315757,0.0
7942,Exited,0.9937960483706784,1.0
9238,Exited,0.003772513981705668,0.0
1056,Exited,0.0010058465626245731,0.0
3154,Exited,0.0005137402071731969,0.0
3787,Exited,0.9894774024339176,1.0
9189,Exited,-0.0010136194669484169,0.0
7825,Exited,0.9911003429744696,1.0
7539,Exited,0.0030323482133753207,0.0
7231,Exited,-0.0004635733635428643,0.0
764,Exited,0.9920008624724059,1.0
5019,Exited,0.9965578926781619,1.0
4903,Exited,0.0026033758716673956,0.0
8093,Exited,0.003308369478420775,0.0
6843,Exited,-0.0003732238146877975,0.0
2165,Exited,-0.0015893763446782898,0.0
1862,Exited,0.9952862542976643,1.0
7850,Exited,0.0011278914603804944,0.0
9123,Exited,0.0009056938017562972,0.0
2340,Exited,0.9943483713268947,1.0
5527,Exited,-4.613543235512858e-05,0.0
6743,Exited,0.9972898983965358,1.0
4003,Exited,-0.002618662166625124,0.0
1123,Exited,0.9918671968236771,1.0
8709,Exited,0.00231617078017545,0.0
4049,Exited,0.00043821745609923593,0.0
7640,Exited,0.002917937600026246,0.0
765,Exited,0.0009753726537360297,0.0
2344,Exited,0.9973228824935704,1.0
4071,Exited,0.005106065361350078,0.0
7216,Exited,0.9933868219436068,1.0
4216,Exited,0.0029860745095217018,0.0
7952,Exited,-0.0005957178719480398,0.0
5970,Exited,0.0009136247017360419,0.0
3350,Exited,-0.0008124935275417109,0.0
4695,Exited,-0.0011943884530880872,0.0
3399,Exited,0.9935709519893471,1.0
4081,Exited,0.00018794391718437455,0.0
9149,Exited,0.00018617032070467054,0.0
1224,Exited,0.00250273315329685,0.0
6292,Exited,-0.001219178671566365,0.0
3122,Exited,0.0007720261450832912,0.0
510,Exited,-0.003421975594132794,0.0
5794,Exited,0.002582693462652667,0.0
8181,Exited,-0.002770557657434821,0.0
9417,Exited,0.0003868789252753355,0.0
96,Exited,0.00013564490486635272,0.0
6681,Exited,-0.00281438542052661,0.0
1512,Exited,0.0010748528543822026,0.0
8791,Exited,-0.0035544304498455435,0.0
119,Exited,0.0007942810650620089,0.0
7791,Exited,0.0005839292794246696,0.0
6517,Exited,9.165215201155374e-05,0.0
33,Exited,-0.00047896691762481115,0.0
7887,Exited,-0.00043290176091981747,0.0
6830,Exited,0.0029070623228873494,0.0
5421,Exited,0.001744326547046152,0.0
1068,Exited,0.9975988042277528,1.0
1347,Exited,-0.0022129736477627384,0.0
4747,Exited,0.0030411735570215624,0.0
6005,Exited,-0.0019057748667885691,0.0
6039,Exited,-0.002368888229112784,0.0
3817,Exited,0.9920730995618446,1.0
8446,Exited,-1.9006199441535133e-06,0.0
5269,Exited,0.9931580566300021,1.0
6897,Exited,0.9935208633021316,1.0
5309,Exited,0.0028801481612506967,0.0
31,Exited,-0.001480664443266539,0.0
5674,Exited,-0.0001528108904477821,0.0
4386,Exited,0.003958551427910706,0.0
29,Exited,-0.000958563544164254,0.0
4202,Exited,0.0008652670922959455,0.0
7507,Exited,0.9943123429194355,1.0
735,Exited,0.0011361086436038029,0.0
2067,Exited,-0.00036738689311585117,0.0
106,Exited,-0.0014702738092060305,0.0
9644,Exited,-0.0006328127211607535,0.0
8894,Exited,-0.00014921232015718518,0.0
8020,Exited,0.0020586454619596906,0.0
2232,Exited,0.0018119593254643334,0.0
993,Exited,0.00011161999059311175,0.0
9412,Exited,0.00018760176807449932,0.0
7058,Exited,0.9951707014589106,1.0
6789,Exited,0.00464053753107775,0.0
360,Exited,-0.0011696383918397132,0.0
304,Exited,0.00203971210998451,0.0
2627,Exited,-0.001158391588500598,0.0
8965,Exited,0.0026497183411597703,0.0
4513,Exited,0.002172702962347205,0.0
5910,Exited,-0.0004120509369195573,0.0
8313,Exited,0.003641537924903104,0.0
3100,Exited,0.0004359575166951637,0.0
5703,Exited,0.0035371404995524092,0.0
3898,Exited,0.9981070408671617,1.0
5440,Exited,0.9942578277676933,1.0
7930,Exited,0.0005593356729778746,0.0
621,Exited,-0.0017797465307984265,0.0
7235,Exited,0.003087320693709898,0.0
2498,Exited,-0.0013643527292565225,0.0
713,Exited,0.0018349658641467876,0.0
8403,Exited,-0.0013623608283084136,0.0
2855,Exited,0.00567445127228507,0.0
4269,Exited,0.0021688968967337203,0.0
2908,Exited,0.005855330612845783,0.0
8080,Exited,0.005156765360199965,0.0
4516,Exited,0.9872534107978191,1.0
1261,Exited,0.0016599992542852971,0.0
3160,Exited,-0.0032240998363752063,0.0
970,Exited,0.0004283261012835223,0.0
3912,Exited,0.0028559149718258405,0.0
5198,Exited,0.0020595979368700766,0.0
8846,Exited,0.0048537986260858874,0.0
259,Exited,-0.00019885008876071903,0.0
3790,Exited,0.9959047288323252,1.0
9202,Exited,0.0006054731700153842,0.0
487,Exited,0.9939028455993162,1.0
7907,Exited,-0.0007317758738686897,0.0
518,Exited,0.9943005083502163,1.0
8342,Exited,0.001950249569152157,0.0
311,Exited,0.001698327674254706,0.0
3231,Exited,0.00203514684380754,0.0
7932,Exited,0.0020565021238942586,0.0
7457,Exited,0.9929682496177359,1.0
9783,Exited,0.003361914464014777,0.0
5183,Exited,-0.0020497443501106796,0.0
8076,Exited,0.9951669061171794,1.0
6501,Exited,-9.636813113473143e-05,0.0
6790,Exited,-0.0004190940645463735,0.0
7772,Exited,0.9957441070494178,1.0
2737,Exited,-0.0009304199687414816,0.0
7841,Exited,0.9930641576367467,1.0
6261,Exited,0.0020248070971071197,0.0
8205,Exited,0.0023784058197864636,0.0
1247,Exited,-9.982254876167679e-05,0.0
9335,Exited,0.003989891070168004,0.0
4194,Exited,0.0028133273079644205,0.0
8000,Exited,-0.0020442398855702905,0.0
7377,Exited,-0.00024910247362675,0.0
3434,Exited,0.004933164280926844,0.0
5381,Exited,-0.001019523710007721,0.0
958,Exited,-0.0011171556630962956,0.0
416,Exited,0.9975182392820402,1.0
5741,Exited,5.5182439225820836e-05,0.0
6727,Exited,0.9945979814366881,1.0
4381,Exited,-0.0006387485111446268,0.0
5196,Exited,-0.002991954607502785,0.0
1112,Exited,0.00039679691227640463,0.0
2688,Exited,-0.002088769283487576,0.0
6472,Exited,0.9933963910125189,1.0
8819,Exited,-0.0004674109066354357,0.0
7807,Exited,0.0002613974861293382,0.0
3410,Exited,4.0686906694970904e-05,0.0
80,Exited,-3.1082049015803337e-05,0.0
4613,Exited,0.0009676795721829169,0.0
1373,Exited,0.9945641998199863,1.0
1509,Exited,0.0021763088891881893,0.0
6442,Exited,0.0014135461592002388,0.0
3070,Exited,0.0009338863340778594,0.0
3015,Exited,0.0012725886328227914,0.0
4822,Exited,0.9894644934536222,1.0
7821,Exited,-0.001099455554058589,0.0
92,Exited,0.0019631406393518388,0.0
9420,Exited,-0.0018380943430817273,0.0
6599,Exited,0.9952303168690132,1.0
4442,Exited,-0.00010189323191554605,0.0
7601,Exited,-0.00040011962304427936,0.0
3834,Exited,-6.445484406343593e-05,0.0
9701,Exited,0.0024879953086895663,0.0
4321,Exited,-0.001243865259650272,0.0
3393,Exited,-0.0018171897068581674,0.0
4751,Exited,0.9983887102716222,1.0
7228,Exited,0.9934485030551133,1.0
9190,Exited,0.002155984554532704,0.0
2360,Exited,0.001304054610346662,0.0
1147,Exited,-0.000672562969454101,0.0
5665,Exited,0.0017555715958825699,0.0
8074,Exited,-0.002502597438564529,0.0
4942,Exited,0.0008312225711000739,0.0
3662,Exited,-0.0024113561855230283,0.0
1562,Exited,0.9891650780359056,1.0
4112,Exited,-0.0023778645669294994,0.0
9049,Exited,-0.0019267724250076278,0.0
9275,Exited,0.0008009022518742396,0.0
8537,Exited,0.0008482433225048061,0.0
794,Exited,0.0009299191966770164,0.0
5853,Exited,0.9918923983999256,1.0
7618,Exited,0.00048255762133004665,0.0
1593,Exited,-0.0004314825594830844,0.0
7417,Exited,0.001719999152407684,0.0
5266,Exited,-0.0025344576965696712,0.0
7146,Exited,-1.4227733369830912e-05,0.0
88,Exited,0.9950396708318678,1.0
8694,Exited,0.003524041641753811,0.0
9731,Exited,-0.0007992397930278745,0.0
9445,Exited,0.994637349067474,1.0
6753,Exited,3.529223273553584e-05,0.0
3501,Exited,-0.0011230210629256674,0.0
2233,Exited,0.0018526399737788016,0.0
2802,Exited,0.9948385736573869,1.0
4423,Exited,0.0019090199230167588,0.0
5662,Exited,-0.0005786163356946046,0.0
7169,Exited,-0.0013338089148901872,0.0
8336,Exited,0.9936863916896148,1.0
2147,Exited,-0.0019210015603444478,0.0
7968,Exited,0.0005000857818065513,0.0
6550,Exited,0.993635564608701,1.0
7642,Exited,0.00024253634907636396,0.0
6163,Exited,-0.0006645047619326791,0.0
1494,Exited,0.00010337658848717118,0.0
7695,Exited,0.9953988798806092,1.0
7093,Exited,0.994953446770066,1.0
1408,Exited,0.0014685597199587293,0.0
6690,Exited,-0.001025227241649415,0.0
3400,Exited,0.000822024410113775,0.0
108,Exited,0.001410703768130949,0.0
5635,Exited,-0.0012530040766444575,0.0
8481,Exited,0.0007793067048926757,0.0
6603,Exited,-0.0007005471027215163,0.0
1090,Exited,-0.0017382715570180307,0.0
5559,Exited,0.9957170206859647,1.0
9411,Exited,0.9922888837117573,1.0
8142,Exited,0.0009322609012035112,0.0
8663,Exited,0.0008371584459093563,0.0
6595,Exited,-0.0002940384822428346,0.0
623,Exited,-0.0014595361022391802,0.0
6870,Exited,-0.0009775313000424416,0.0
4813,Exited,-0.0014093257310773344,0.0
6552,Exited,0.00172108652516935,0.0
7529,Exited,-0.0008685723687615887,0.0
5795,Exited,0.0008927832672675606,0.0
7436,Exited,0.9977572607510908,1.0
4217,Exited,0.9934432622378172,1.0
5940,Exited,0.9930470695596626,1.0
8500,Exited,0.001818258517892256,0.0
6428,Exited,0.9961007291702662,1.0
6826,Exited,0.0013664046436329253,0.0
4130,Exited,0.0035654104875204834,0.0
7801,Exited,0.9978226842063297,1.0
7753,Exited,-0.0011911508867847695,0.0
4721,Exited,0.0037111126841631896,0.0
1650,Exited,0.00028237360374464265,0.0
4140,Exited,-0.002809004148551549,0.0
1617,Exited,0.0009488179418873496,0.0
2029,Exited,-0.0013392237676332162,0.0
8517,Exited,-0.005182789586503364,0.0
4575,Exited,-0.001256591496642567,0.0
3992,Exited,0.002214837463282128,0.0
7376,Exited,-0.004024463421507656,0.0
6149,Exited,-0.0012046826329942788,0.0
4908,Exited,0.9959881277934143,1.0
5026,Exited,0.0017006392772851093,0.0
8260,Exited,-0.0010720848727510685,0.0
4731,Exited,-0.000596030438190169,0.0
7548,Exited,0.0016617907013671525,0.0
8134,Exited,0.0010969127649957768,0.0
1606,Exited,0.0017711200037265815,0.0
4773,Exited,-0.0009024020183526077,0.0
8109,Exited,-0.0006688963387230331,0.0
6951,Exited,0.9919212265469977,1.0
6004,Exited,-0.0033450211870197713,0.0
7728,Exited,-0.0017025516470239766,0.0
3541,Exited,0.005459574818659228,0.0
388,Exited,0.0005658436581011906,0.0
1794,Exited,0.0016544985467892908,0.0
8731,Exited,-0.00015135798651053339,0.0
4919,Exited,0.00019983784862016006,0.0
5537,Exited,-0.00046480917100685153,0.0
3872,Exited,0.001681519759774794,0.0
8868,Exited,0.0020833132754015465,0.0
2254,Exited,-0.002662606800009201,0.0
3412,Exited,-0.0011512716412563628,0.0
5459,Exited,0.0001412192294713015,0.0
4955,Exited,8.55964833104011e-05,0.0
7396,Exited,0.9950022071594695,1.0
5414,Exited,-0.00014391663967573318,0.0
7399,Exited,0.0014245218420196072,0.0
7414,Exited,-0.0009220769543051366,0.0
9100,Exited,-0.0005589199133480098,0.0
4851,Exited,0.004416462504706333,0.0
2025,Exited,0.003700484201059777,0.0
2615,Exited,0.004353521298671159,0.0
7388,Exited,-0.002194363869714823,0.0
2926,Exited,0.002373870477148909,0.0
1121,Exited,0.0003756287461855086,0.0
2910,Exited,0.0009450726705377908,0.0
8146,Exited,0.00046927173809314005,0.0
7383,Exited,0.9937696923082292,1.0
3482,Exited,-0.0005600323619166297,0.0
795,Exited,-0.0005938205892182871,0.0
1575,Exited,-0.0006695993028166878,0.0
6176,Exited,-0.0020340478650034913,0.0
6266,Exited,0.0005193648535917722,0.0
2458,Exited,0.007776423518460822,0.0
3312,Exited,0.0001574674211268839,0.0
1253,Exited,0.0036752887163329657,0.0
6834,Exited,0.00085301845027889,0.0
8794,Exited,0.9921269368728078,1.0
3837,Exited,-0.0010277843020624036,0.0
4398,Exited,0.0037679792955908585,0.0
3595,Exited,-0.0016043754545056847,0.0
6621,Exited,0.9960501812361839,1.0
8382,Exited,-0.0015946873170889558,0.0
2124,Exited,0.9897983149978445,1.0
3238,Exited,0.9985803137784779,1.0
5403,Exited,-0.004419914582149282,0.0
5998,Exited,0.0007622000455590038,0.0
5938,Exited,0.0005289209865538239,0.0
2045,Exited,0.0016042766917862637,0.0
1578,Exited,-0.001885404140439253,0.0
14,Exited,0.00019924109828125852,0.0
2673,Exited,0.0031014758965019294,0.0
7016,Exited,0.0036879248672828874,0.0
8720,Exited,0.0006814367231401529,0.0
8849,Exited,0.0009027620541150814,0.0
4812,Exited,0.0005883694607289346,0.0
1084,Exited,-0.0006862419695219039,0.0
4983,Exited,0.0015236090311592787,0.0
7155,Exited,0.9915596274815437,1.0
2884,Exited,-0.0017268491358080175,0.0
333,Exited,0.9924698178842555,1.0
7204,Exited,0.003338978194340134,0.0
4367,Exited,0.9941461094404626,1.0
3079,Exited,0.0015944269949611796,0.0
7203,Exited,0.0004686092497247921,0.0
9909,Exited,0.003933404530974848,0.0
8864,Exited,-0.0012988553583864922,0.0
263,Exited,-0.002355649583385794,0.0
4337,Exited,0.002216383567331161,0.0
8895,Exited,0.00219282754541843,0.0
8447,Exited,-0.0008192016890309064,0.0
5903,Exited,0.9901966178108722,1.0
1498,Exited,-0.003309737610569596,0.0
4190,Exited,-0.000643478988743086,0.0
7485,Exited,0.0012410372414036793,0.0
9643,Exited,0.0007526089514751466,0.0
8310,Exited,0.0037506190733905902,0.0
7590,Exited,0.9892014954684375,1.0
500,Exited,-0.002392240484302417,0.0
9155,Exited,0.0023274415287554756,0.0
9414,Exited,0.9975848726020718,1.0
3095,Exited,-0.0004030549349595988,0.0
4631,Exited,0.000955105843350873,0.0
367,Exited,-0.002049074116153007,0.0
4058,Exited,0.0014197853680423071,0.0
8174,Exited,-0.001486304471369146,0.0
4630,Exited,-0.00112871366456887,0.0
6070,Exited,-0.000798198203915457,0.0
2664,Exited,-0.002892112668669228,0.0
1026,Exited,0.0007131673587479452,0.0
5908,Exited,0.9956657899690925,1.0
5050,Exited,-0.0020173156331195546,0.0
6328,Exited,0.00377958111427065,0.0
9733,Exited,0.003265423059884656,0.0
1691,Exited,-0.001561720603140674,0.0
673,Exited,-0.0022957650829190995,0.0
5572,Exited,0.0002753417557909625,0.0
5766,Exited,0.0007709402831505682,0.0
5156,Exited,0.0002899239850442288,0.0
733,Exited,0.9929129895587764,1.0
3526,Exited,-0.0011678988565689118,0.0
568,Exited,-0.002310737603196113,0.0
9187,Exited,-0.0004702444886059776,0.0
2922,Exited,0.0016952422966378343,0.0
7911,Exited,-0.0027772909807448516,0.0
1558,Exited,-0.0006147871536527089,0.0
101,Exited,0.0028595988616061086,0.0
3007,Exited,0.9923790705320819,1.0
7201,Exited,0.992431408615961,1.0
303,Exited,-0.0017372719321539277,0.0
76,Exited,0.0024970172376486714,0.0
6754,Exited,-0.0021642732460760887,0.0
8629,Exited,-0.001990056894012305,0.0
1208,Exited,0.002687185403943512,0.0
7742,Exited,-0.002553268885806529,0.0
8214,Exited,0.0014624301241239748,0.0
8944,Exited,-0.0012228312761019527,0.0
8413,Exited,0.00039972046104448937,0.0
1775,Exited,0.0014486291121186008,0.0
3473,Exited,0.9939832866454354,1.0
483,Exited,0.00024799322312919585,0.0
2189,Exited,-0.0017280419266091514,0.0
346,Exited,0.00015986916380324005,0.0
5481,Exited,0.9920741648827186,1.0
8361,Exited,0.0004174476630986754,0.0
1472,Exited,-0.0004754063207589427,0.0
5100,Exited,0.0002940516354849941,0.0
6765,Exited,0.0025364013938541166,0.0
8706,Exited,0.9965729773650216,1.0
4929,Exited,-0.0009387797340201795,0.0
6329,Exited,-0.0003130532504290297,0.0
2609,Exited,0.002980743576104588,0.0
3,Exited,0.002254573639393913,0.0
2213,Exited,0.9930750678322934,1.0
4827,Exited,0.9943923380268953,1.0
856,Exited,0.9957342982633338,1.0
6977,Exited,0.0016837156390507196,0.0
5885,Exited,-0.001070136747683529,0.0
624,Exited,0.0026625736810594824,0.0
290,Exited,0.0013487328121037554,0.0
2018,Exited,-0.0005227399131087461,0.0
668,Exited,0.0017465864376632633,0.0
8921,Exited,-0.001021326092302404,0.0
8264,Exited,0.0019445908616483555,0.0
9696,Exited,-0.0017888606704148527,0.0
1631,Exited,0.99425649788948,1.0
5170,Exited,-0.00030766967010903683,0.0
7205,Exited,-0.0015215805275166179,0.0
2522,Exited,0.00011676219558391264,0.0
2215,Exited,-0.0004754853898751134,0.0
6968,Exited,0.0006600330922928329,0.0
6496,Exited,0.9940919242547007,1.0
6213,Exited,-0.0027330376115420503,0.0
7032,Exited,0.001633687897860107,0.0
7420,Exited,-0.0007893429785873303,0.0
1107,Exited,0.9924880696369093,1.0
450,Exited,0.0005718316854362601,0.0
6289,Exited,0.9971373471007084,1.0
9966,Exited,-0.0009601463723188939,0.0
135,Exited,0.000513278087080694,0.0
1785,Exited,-0.00014296891478622728,0.0
3404,Exited,0.0001627826419291407,0.0
2906,Exited,0.003638926093946844,0.0
8304,Exited,0.007326665132297642,0.0
7492,Exited,0.9907429372280298,1.0
6100,Exited,-9.118570910083353e-05,0.0
4504,Exited,0.00179299921196766,0.0
5053,Exited,0.0015358091611626051,0.0
5205,Exited,0.0006303236018634685,0.0
4080,Exited,0.9960010864524009,1.0
6918,Exited,-0.0035149495540372925,0.0
6802,Exited,0.0010115367042594313,0.0
5206,Exited,0.001658454703631588,0.0
532,Exited,-0.0005267144864374825,0.0
4830,Exited,0.0013353565748508592,0.0
4038,Exited,0.9948271873515175,1.0
4084,Exited,0.0003373506100048233,0.0
3204,Exited,0.9910130647542352,1.0
7110,Exited,-0.0013096599867409063,0.0
330,Exited,0.0012698588959540154,0.0
4957,Exited,0.002124157523672234,0.0
3033,Exited,0.0073690139613281185,0.0
7684,Exited,0.0004926772187781687,0.0
1597,Exited,-0.0011125230239444894,0.0
9919,Exited,-0.0008349274327915258,0.0
3597,Exited,0.0031940443896623246,0.0
9038,Exited,0.9960871210758361,1.0
8001,Exited,-0.00017055437891942866,0.0
590,Exited,0.9928657500340111,1.0
647,Exited,0.003879330362582,0.0
9102,Exited,0.004357499423952445,0.0
8015,Exited,-0.003068633181349773,0.0
3771,Exited,-0.00204634958082924,0.0
9039,Exited,-0.00016831045756569222,0.0
5082,Exited,0.991306268136669,1.0
7882,Exited,0.9968229515665795,1.0
9362,Exited,-0.002042827025060324,0.0
4210,Exited,0.0003313416607808417,0.0
8834,Exited,0.001237500707159769,0.0
8699,Exited,0.0012762372333192976,0.0
1795,Exited,-0.0013090150032208738,0.0
2586,Exited,0.0018465015025328634,0.0
8355,Exited,0.0006615165228365505,0.0
2316,Exited,0.994456455007191,1.0
4185,Exited,0.0025031369791806033,0.0
8827,Exited,0.0009339707476101796,0.0
7072,Exited,0.002546364802183171,0.0
5234,Exited,0.9952321241401012,1.0
8743,Exited,-0.0036283158335023782,0.0
8670,Exited,0.0019500566030817995,0.0
4768,Exited,0.9905176879271301,1.0
9972,Exited,-0.0010776847515938793,0.0
7144,Exited,0.9950046620354607,1.0
2913,Exited,2.881938810476146e-05,0.0
9871,Exited,-0.0016199541879735589,0.0
9893,Exited,0.0034191256924826713,0.0
2075,Exited,-0.0010597029050893364,0.0
4302,Exited,0.9962742601832261,1.0
5822,Exited,0.0018824278675449119,0.0
2149,Exited,0.9979234056060615,1.0
144,Exited,0.0022867776795921094,1.0
4963,Exited,0.0004443843545008494,0.0
8159,Exited,-0.0017434718698576645,0.0
9030,Exited,0.9967446305312405,1.0
4775,Exited,-0.0009797934259549558,0.0
8933,Exited,-0.002015961437619871,0.0
7749,Exited,0.9957310883428271,1.0
9828,Exited,2.0432936827128592e-05,0.0
9214,Exited,0.9916732889455915,1.0
6060,Exited,0.9932790637853098,1.0
9475,Exited,0.0032249490551879137,0.0
6409,Exited,-0.001067257335101138,0.0
3317,Exited,0.9972791241522072,1.0
7464,Exited,0.9960398160253576,1.0
3061,Exited,-0.0021311507596057776,0.0
1355,Exited,0.001372842423832744,0.0
4514,Exited,0.0007569729348221625,0.0
5505,Exited,0.0003716077649994101,0.0
5250,Exited,-0.0030511453222982652,0.0
4511,Exited,0.9938738214784985,1.0
1730,Exited,0.000478832289991325,0.0
1758,Exited,0.0020192462064500157,0.0
6650,Exited,-0.0001531031512294306,0.0
6646,Exited,0.0018641986711287843,0.0
9860,Exited,-0.0026843848261239537,0.0
4139,Exited,0.0014520081339611417,0.0
9393,Exited,0.9950381712315495,1.0
5123,Exited,8.392162848586387e-05,0.0
0,Exited,0.9944933385275206,1.0
1864,Exited,0.000555499746561248,0.0
543,Exited,0.9977296251837404,1.0
349,Exited,-1.8764006059872546e-05,0.0
6906,Exited,0.0007105975838085728,0.0
9765,Exited,0.0038491649425617482,0.0
2523,Exited,-0.0019029711662218725,0.0
3464,Exited,0.003335659547078485,0.0
457,Exited,0.0008851289087163246,0.0
3023,Exited,0.004205099406958914,0.0
7261,Exited,0.003467118429075847,0.0
9515,Exited,0.00015206568097655038,0.0
7872,Exited,-0.0009270387875954553,0.0
6625,Exited,0.003886326604691948,0.0
2534,Exited,0.00044710220139804256,0.0
131,Exited,-0.0010770522470765018,0.0
3704,Exited,0.0013932974642697645,0.0
1372,Exited,-0.001293195807715785,0.0
6200,Exited,0.0025095770895165017,0.0
4856,Exited,0.0011811297874114886,0.0
4712,Exited,0.9984900832909722,1.0
5544,Exited,0.0033478904448848356,0.0
1413,Exited,0.0003193764171122082,0.0
4113,Exited,-0.002614157464750075,0.0
655,Exited,-0.003512149879390464,0.0
8137,Exited,0.9928249829988062,1.0
4098,Exited,0.002129511134286156,0.0
592,Exited,0.00048743734362460454,0.0
8708,Exited,0.003992045108791103,0.0
3123,Exited,0.00035175153854359294,0.0
3047,Exited,0.0022821590322603183,0.0
3887,Exited,0.004944076931325472,0.0
5735,Exited,-0.0004344023660528308,0.0
2184,Exited,0.003912438085371087,0.0
2145,Exited,0.00025428520561475996,0.0
7047,Exited,-0.0009333683610880461,0.0
3105,Exited,0.9892459903272626,1.0
9233,Exited,9.84995952192742e-05,0.0
9096,Exited,0.0014707222006034035,0.0
2769,Exited,0.9929895540910786,1.0
5221,Exited,-0.00020546665727366091,0.0
5833,Exited,0.9951948512307808,1.0
1732,Exited,0.003518469486872255,0.0
265,Exited,0.0017549009796261352,0.0
5144,Exited,-0.0024433163868111847,0.0
8267,Exited,0.0013099715796768185,0.0
3937,Exited,-0.0026514921234549963,0.0
761,Exited,0.9928535088830641,1.0
7220,Exited,0.0023565783594384185,0.0
8439,Exited,-0.00277747121967218,0.0
3257,Exited,0.0018605134619118888,0.0
4338,Exited,-0.0010803520693999829,0.0
4362,Exited,-0.0031615338691167614,0.0
316,Exited,0.9979602628870382,1.0
8069,Exited,0.0022659663187219402,0.0
1851,Exited,0.002613168001783646,0.0
2484,Exited,-0.0008456837180762684,0.0
9873,Exited,-0.00012667232206654876,0.0
9574,Exited,0.001972133851659918,0.0
1078,Exited,-0.00039937280056874004,0.0
8358,Exited,0.9946231881067044,1.0
7333,Exited,0.0029722436058596266,0.0
1071,Exited,0.003652855809316437,0.0
103,Exited,0.0011154900083606384,0.0
5748,Exited,0.0032480135818733526,0.0
1418,Exited,0.0026927621745469425,0.0
1658,Exited,9.468964661933556e-06,0.0
5284,Exited,0.002938539822398214,0.0
1149,Exited,0.0027991264051110114,0.0
7150,Exited,-0.000986837895877746,0.0
1568,Exited,0.001072065560476821,0.0
1087,Exited,0.001581252519986981,0.0
6085,Exited,0.9949106847825224,1.0
8674,Exited,0.9951427505450766,1.0
8341,Exited,0.001701856962740289,0.0
7811,Exited,0.0006583644246790585,0.0
6084,Exited,-0.0023305218687596644,0.0
8773,Exited,0.0015362959288180227,0.0
8757,Exited,-0.0008099569844258296,0.0
1692,Exited,-0.0020795640865883267,0.0
4734,Exited,0.9939185136452244,1.0
3387,Exited,0.006320011037234814,0.0
3646,Exited,1.0003819752433236,1.0
1683,Exited,0.0039648997056035105,0.0
8,Exited,0.0007119528950201622,0.0
6062,Exited,-0.0021930567245393552,0.0
6516,Exited,-0.0029829899957936473,0.0
4123,Exited,-8.735353100454272e-05,0.0
8729,Exited,-0.00039007325630804716,0.0
6045,Exited,-0.0013084044841147609,0.0
567,Exited,0.003920525982511095,0.0
9161,Exited,0.0028775603578607358,0.0
1803,Exited,-0.0009249690882217757,0.0
8501,Exited,-0.00010650151072519884,0.0
4900,Exited,0.0008952192584316451,0.0
1599,Exited,-0.0009029997475626596,0.0
7931,Exited,0.004329762336315851,0.0
9547,Exited,-0.0002010998480430537,0.0
2823,Exited,0.003835614916052308,0.0
5467,Exited,-0.0011448553021197834,0.0
3529,Exited,-0.0004654252735125197,0.0
8683,Exited,0.99125738780416,1.0
1155,Exited,0.001022769715027619,0.0
6547,Exited,-0.0012762367821880054,0.0
9088,Exited,0.9915754941235735,1.0
7620,Exited,-0.0019292692961715451,0.0
8296,Exited,0.0018958090599054595,0.0
4540,Exited,0.0017006975522278743,0.0
9134,Exited,0.0018227821223654112,0.0
6482,Exited,-0.0022645900037780286,0.0
5826,Exited,-0.0026667078184378296,0.0
1190,Exited,-0.00182520336808095,0.0
7444,Exited,-0.00243956860029063,0.0
8520,Exited,0.0004381171862365893,0.0
960,Exited,-0.0009004673601531446,0.0
7454,Exited,0.001347177692731462,0.0
36,Exited,-0.0014718912806258744,0.0
7516,Exited,0.00245772474337612,0.0
7644,Exited,0.0004838321147853208,0.0
4438,Exited,0.003558821721618504,0.0
6161,Exited,9.76589646278312e-05,0.0
7744,Exited,0.0027665558610355852,0.0
9587,Exited,0.007837126663495146,0.0
8119,Exited,0.9902820408383795,1.0
6967,Exited,-0.0010322569279823807,0.0
5718,Exited,0.001255086406774466,0.0
577,Exited,-0.002959090449257064,0.0
9833,Exited,0.0015772876417560722,0.0
4102,Exited,-0.0008311615583518062,0.0
7646,Exited,-0.0020402009093530887,0.0
4151,Exited,0.9953560967942492,1.0
3130,Exited,0.9976474201052438,1.0
4890,Exited,-0.00021610621293246786,0.0
9975,Exited,0.9961934633507071,1.0
7471,Exited,0.002304859870448409,0.0
1833,Exited,0.9938781271509436,1.0
9148,Exited,0.0014629587102524592,0.0
4891,Exited,-0.002352903207574926,0.0
2287,Exited,-0.00024814317122853107,0.0
1330,Exited,0.004033621624415735,0.0
2771,Exited,0.0014790004829522366,0.0
3686,Exited,-0.0015541019009079528,0.0
8283,Exited,0.0020323281872081105,0.0
5928,Exited,-0.0005110197735532446,0.0
637,Exited,0.0018636413618567601,0.0
47,Exited,0.9924297318571584,1.0
2602,Exited,-0.0012913324220617515,0.0
1965,Exited,0.9934340173963052,1.0
2168,Exited,0.9976520334520853,1.0
5049,Exited,0.0014122017324459256,0.0
3334,Exited,-0.0015431740183545505,0.0
3019,Exited,-0.002241820120824453,0.0
8764,Exited,0.0018475248016911732,0.0
9176,Exited,0.001983865564380746,0.0
1360,Exited,-0.003081473721747229,0.0
5798,Exited,0.003555816195878259,0.0
9400,Exited,0.0010564148846933842,0.0
3251,Exited,0.9928395726414772,1.0
6300,Exited,7.406008945326373e-05,0.0
2251,Exited,0.0005439980521178603,0.0
6027,Exited,-0.00027207726139364535,0.0
1175,Exited,0.0032735913036328877,0.0
8799,Exited,0.0005375664876030653,0.0
3279,Exited,0.000286066413208305,0.0
2973,Exited,0.994783062809799,1.0
3396,Exited,0.0043033105218163135,0.0
6939,Exited,0.0006680133376569075,0.0
965,Exited,0.0007154275327801508,0.0
8574,Exited,0.004153794281732075,0.0
742,Exited,-0.00044363806398977235,0.0
7514,Exited,0.9986560831958798,1.0
3314,Exited,0.9944018611530319,1.0
4898,Exited,0.0006618086229222475,0.0
9340,Exited,0.002612897927090641,0.0
4672,Exited,-0.003840716288360433,0.0
8618,Exited,0.0010900922096896372,0.0
1217,Exited,-0.0022090518937914003,0.0
4397,Exited,-9.9372630333511e-05,0.0
6080,Exited,0.9961388505808737,1.0
2614,Exited,0.9949761629820822,1.0
2620,Exited,-0.0002627599525739954,0.0
8714,Exited,0.0023136267127265232,0.0
7282,Exited,0.9929261681003277,1.0
3379,Exited,0.0012961146917192124,0.0
7301,Exited,7.386393935030909e-05,0.0
9857,Exited,0.0002826309465566003,0.0
5605,Exited,0.003217860370029137,0.0
9813,Exited,-0.003483318569629912,0.0
5786,Exited,0.003141222679174812,0.0
8518,Exited,0.9976274514731927,1.0
6850,Exited,0.001820456824695049,0.0
1516,Exited,0.0019944192573275858,0.0
5098,Exited,-0.0016984981953305461,0.0
7636,Exited,0.9963424624203537,1.0
9085,Exited,-0.0012039308730438817,0.0
8023,Exited,-0.0005508482681910194,0.0
2392,Exited,0.0019297450802436401,0.0
586,Exited,0.9962188720344574,1.0
3519,Exited,0.9962939433943369,1.0
7653,Exited,0.9939908406497373,1.0
8946,Exited,0.001605238147118113,0.0
850,Exited,0.0026645955937155564,0.0
335,Exited,0.9922803156649311,1.0
6634,Exited,0.002516324169966196,0.0
8972,Exited,-0.0006038145022173157,0.0
7493,Exited,-0.0027167283460896464,0.0
2868,Exited,0.9937090125149263,1.0
4872,Exited,0.00107385093895383,0.0
3550,Exited,0.004666327556016122,0.0
3842,Exited,-0.0029201520554399795,0.0
7262,Exited,0.00038000495888492586,0.0
5824,Exited,0.9914947189126078,1.0
23,Exited,0.0012636124180234883,0.0
1453,Exited,0.003567254911232382,0.0
1684,Exited,0.0009406150281645862,0.0
2310,Exited,-0.0006616690879496872,0.0
9063,Exited,-0.0011402754687598032,0.0
9406,Exited,-0.002761894648674462,0.0
381,Exited,0.0016557847268453092,0.0
5814,Exited,0.0010813819476598705,0.0
5550,Exited,0.0017134215417797458,0.0
9308,Exited,-0.0023256923929135982,0.0
1618,Exited,-0.0010376831419914813,0.0
789,Exited,0.00014876807251204527,0.0
5983,Exited,0.0009111033694620891,0.0
8672,Exited,0.001756846552712553,0.0
4475,Exited,-0.0009241907761894652,0.0
5606,Exited,0.9961075178283286,1.0
9312,Exited,0.0008479660659765761,0.0
5648,Exited,-0.001099310857781108,0.0
6216,Exited,0.0033461077036146597,0.0
2286,Exited,0.0008593524051321096,0.0
9993,Exited,-0.000474031891836636,0.0
7578,Exited,0.00188814927746104,0.0
1183,Exited,-0.0011343968779518685,0.0
6001,Exited,0.9925524076796224,1.0
5090,Exited,-0.0002056046954341281,0.0
2516,Exited,-0.0017948091181856445,0.0
4122,Exited,0.0030077492986951074,0.0
5521,Exited,0.003103339347222718,0.0
5627,Exited,-0.002295615718249511,0.0
8360,Exited,-0.003951588663713033,0.0
5872,Exited,-0.004036379774581274,0.0
8612,Exited,-0.002041461186468342,0.0
7727,Exited,0.004035075785728646,0.0
5968,Exited,-0.0017182241112666296,0.0
1180,Exited,-0.00012989412992513052,0.0
8762,Exited,0.997886937299556,1.0
8235,Exited,-0.0003190138705376879,0.0
2818,Exited,0.0008170209705134152,0.0
9964,Exited,0.0001477859270573301,0.0
8703,Exited,-0.00036096519539150114,0.0
6608,Exited,-0.0006917182493869777,0.0
2820,Exited,-0.0006746561976355408,0.0
7535,Exited,0.001986395219512158,0.0
2260,Exited,0.001305495602482781,0.0
2239,Exited,0.9906211724995966,1.0
6021,Exited,0.0026252385979601027,0.0
782,Exited,-0.00013162372343918267,0.0
932,Exited,0.0028914897347972965,0.0
6202,Exited,0.0010649788155195365,0.0
2412,Exited,0.0025305778818533065,0.0
6997,Exited,0.003645195636950727,0.0
9115,Exited,0.0010301645443111386,0.0
1156,Exited,0.0006765397020718595,0.0
8107,Exited,0.004927049305155395,0.0
5805,Exited,-0.0009083186611551193,0.0
4879,Exited,0.9952051355389426,1.0
3309,Exited,-0.0012175782341750404,0.0
8961,Exited,0.0023697695940545277,0.0
1702,Exited,-0.001736434381649245,0.0
2492,Exited,0.991162299964645,1.0
3706,Exited,0.0011029728243767197,0.0
8276,Exited,-0.001811796388302748,0.0
286,Exited,5.924286124635693e-05,0.0
1608,Exited,0.0018124480872810512,0.0
6631,Exited,0.00013420920073710482,0.0
8278,Exited,-0.0014673602538961767,0.0
7315,Exited,-0.002409216348844138,0.0
2252,Exited,-0.0005660976595497384,0.0
7415,Exited,0.0004451192732430197,0.0
8365,Exited,0.0008570011699928922,0.0
1891,Exited,-0.0006759626592614358,0.0
5062,Exited,-0.0003765657566978109,0.0
6120,Exited,-0.0004937817057897435,0.0
563,Exited,0.997979304236594,1.0
291,Exited,0.0016001487493254357,0.0
4716,Exited,-0.005538558271546755,0.0
7708,Exited,0.00022635824162457524,0.0
6349,Exited,-0.0018292341274376324,0.0
169,Exited,-0.0016476802562133872,0.0
267,Exited,0.0024017619054446564,0.0
4638,Exited,0.002325082468308341,0.0
7077,Exited,0.00017844356456224865,0.0
3355,Exited,-0.0026652631539381653,0.0
8279,Exited,0.0022512244369659565,0.0
315,Exited,0.0022020584409487994,0.0
6728,Exited,-0.0008285619417099273,0.0
9495,Exited,0.0015171746263244576,0.0
4067,Exited,-0.000894739934010126,0.0
245,Exited,0.9933998483042155,1.0
252,Exited,0.006258828140399058,0.0
1111,Exited,0.9970079299047255,1.0
4801,Exited,0.003392683866783176,0.0
1713,Exited,0.002951323624368508,0.0
50,Exited,0.0006164161997912298,0.0
1835,Exited,0.001448910743187142,0.0
7896,Exited,0.0019291628826130086,0.0
3383,Exited,-0.00023835862341140598,0.0
6410,Exited,0.004841435077248756,0.0
4313,Exited,0.007042636026687962,0.0
872,Exited,-0.0014233915842915869,0.0
1254,Exited,0.9937492587949704,1.0
8881,Exited,-0.00026018140384621727,0.0
5851,Exited,-0.0014596419408853811,0.0
5702,Exited,0.0016299965262346443,0.0
8103,Exited,0.995676661733563,1.0
2098,Exited,0.9959070094089968,1.0
5128,Exited,-0.0017461321210343762,0.0
248,Exited,-0.0020910083185912073,0.0
6561,Exited,0.9942837073439693,1.0
1339,Exited,0.0012574428021344427,0.0
7017,Exited,0.9887119627476504,1.0
2110,Exited,0.9952376200597653,1.0
1569,Exited,0.9958518440713175,1.0
1726,Exited,-0.0013549614381769591,0.0
8384,Exited,-0.000639389935308092,0.0
6940,Exited,0.0006904351148741006,0.0
4395,Exited,-0.0007185918719668058,0.0
2420,Exited,0.0036768401790957406,0.0
3045,Exited,-0.0009261980809221948,0.0
5503,Exited,-0.0017450168569652018,0.0
3703,Exited,0.9913955108531974,1.0
8191,Exited,-0.0007719102397038078,0.0
5331,Exited,0.996748575377548,1.0
9808,Exited,0.0024312421652373083,0.0
447,Exited,-0.0008787525877759755,0.0
7894,Exited,0.9961213566133761,1.0
8728,Exited,0.0006278499465512664,0.0
7828,Exited,-0.0005397598915214824,0.0
1768,Exited,-0.0011460879083689721,0.0
6808,Exited,-0.0019168808487117755,0.0
4704,Exited,-0.0005986228509712848,0.0
3869,Exited,0.0009190178999755145,0.0
1655,Exited,0.004180177916729735,0.0
3187,Exited,0.0010991274777734936,0.0
683,Exited,0.0010529637596706086,0.0
4170,Exited,0.004498650888598307,0.0
4477,Exited,0.0037791842702500082,0.0
461,Exited,0.003255406640373961,0.0
5764,Exited,-0.00030923867887488413,0.0
7522,Exited,0.9933760132277062,1.0
4502,Exited,0.9962369819001843,1.0
9709,Exited,0.0020261450423225166,0.0
318,Exited,0.00034933350443735415,0.0
1145,Exited,0.0006075385242083578,0.0
5094,Exited,0.001753027627022829,0.0
1393,Exited,0.0012611066864596314,0.0
6623,Exited,-0.00032369593092470726,0.0
1501,Exited,-0.0021473926754289998,0.0
6408,Exited,0.0019948136020846757,0.0
376,Exited,0.9926231234056825,1.0
410,Exited,0.00032664350710606216,0.0
1660,Exited,0.002112332868803679,0.0
3151,Exited,0.002549378653692669,0.0
1623,Exited,0.0020472801491166486,0.0
5609,Exited,0.00047916535513710693,0.0
8532,Exited,0.9941240025197079,1.0
5802,Exited,0.0028307081494510947,0.0
5306,Exited,0.9944776532072175,1.0
7086,Exited,-0.0020643755309352214,0.0
8897,Exited,0.9963735890843568,1.0
7488,Exited,0.004142607197101772,0.0
9615,Exited,0.9959265322793054,1.0
9217,Exited,-0.0022546964557685328,0.0
1672,Exited,0.0015401247241521147,0.0
2358,Exited,-0.0007434935370168542,0.0
8467,Exited,0.003439493268095233,0.0
274,Exited,-0.0013431500806369281,0.0
2473,Exited,0.9970735595587958,1.0
5489,Exited,-0.0015233949369053328,0.0
4771,Exited,-6.671778320241134e-06,0.0
2107,Exited,0.0017478092658140861,0.0
7500,Exited,0.0027603830872918633,0.0
4414,Exited,-0.0011666249610267241,0.0
8138,Exited,-0.000818804333938143,0.0
8660,Exited,-0.0029184551103001817,0.0
8239,Exited,-0.0007233961152904988,0.0
2417,Exited,-0.0009616662452374535,0.0
8771,Exited,-0.0002045757332287284,0.0
2236,Exited,0.9956589695011683,1.0
3767,Exited,0.0011723504868882077,0.0
9791,Exited,0.9937251249060295,1.0
9989,Exited,-0.0020266709783331926,0.0
9965,Exited,0.000914215658985722,0.0
7323,Exited,0.0005081601375237265,0.0
1383,Exited,-0.003252125548889721,0.0
3101,Exited,0.0011329234593870665,0.0
3921,Exited,0.9971419454416536,1.0
6685,Exited,0.002139754605941037,0.0
3194,Exited,-0.0009185294859579678,0.0
1941,Exited,0.0036110634207501893,0.0
7713,Exited,0.005036838395946969,0.0
4896,Exited,0.0003140393859228721,0.0
4782,Exited,0.0029153189783626176,0.0
1496,Exited,0.00320459357792261,0.0
1957,Exited,0.9946708776562092,1.0
9171,Exited,0.0027186320678991337,0.0
9745,Exited,0.0010992146240638642,0.0
7332,Exited,0.0023361961377593747,0.0
7949,Exited,0.9978434112876672,1.0
3017,Exited,-0.0009613215000281372,0.0
6746,Exited,0.001552474798173894,0.0
513,Exited,-0.001038749527319735,0.0
3934,Exited,0.001979379323245978,0.0
3025,Exited,-0.0003657778218491142,0.0
1199,Exited,0.0007370391945074066,0.0
5028,Exited,0.9939276835915728,1.0
9784,Exited,0.9945202815572285,1.0
921,Exited,0.9993160575109001,1.0
4649,Exited,-0.0022538965537888585,0.0
5332,Exited,-0.0006372682349034377,0.0
1076,Exited,0.0006777543913206382,0.0
6768,Exited,0.0012160042873979651,0.0
9410,Exited,0.0032931514867190195,0.0
1671,Exited,-0.0007691103638546581,0.0
474,Exited,0.0010322299843325646,0.0
9186,Exited,0.0005186868104988882,0.0
8839,Exited,-0.001312718311321093,0.0
5758,Exited,0.9960615919719984,1.0
6297,Exited,0.003242026831353798,0.0
2478,Exited,0.0018459655296874872,0.0
5493,Exited,0.0005523509446803995,0.0
3914,Exited,0.0012808334758770904,0.0
2138,Exited,0.00010538423046063975,0.0
5454,Exited,0.0028966962830253226,0.0
5379,Exited,-0.0029342369277554244,0.0
8985,Exited,0.001250680034948548,0.0
4023,Exited,0.0017782051670893015,0.0
3485,Exited,0.9948301462578792,1.0
2455,Exited,0.9948931813745993,1.0
2464,Exited,0.002105784606371581,0.0
8696,Exited,0.0005864349251911043,0.0
1369,Exited,0.9945460378408092,1.0
6688,Exited,-0.0021786857662318745,0.0
7456,Exited,-0.0014305277454211172,0.0
9974,Exited,0.0029128145077654778,0.0
1901,Exited,0.004016261340510974,0.0
4871,Exited,0.002450674348095111,0.0
4710,Exited,0.0004746855042822792,0.0
7886,Exited,1.745858416830155e-05,0.0
1793,Exited,-0.0013249329597004133,0.0
2874,Exited,0.0007882750662929192,0.0
6217,Exited,-0.001548710782998038,0.0
5213,Exited,-0.0006192776373895349,0.0
2245,Exited,0.9952217275080012,1.0
1741,Exited,-0.0026019697164663836,0.0
1020,Exited,0.9951422060052233,1.0
705,Exited,0.9931048143785829,1.0
4294,Exited,-0.0010279139875011682,0.0
5576,Exited,0.9984788651042539,1.0
7166,Exited,0.0010464147755878822,0.0
8177,Exited,0.001822833840953197,0.0
908,Exited,-0.0014326842352802402,0.0
5193,Exited,-0.0006202846829717816,0.0
3077,Exited,0.0022889758489270376,0.0
9366,Exited,0.0017315951369191733,0.0
594,Exited,-0.002675023783422808,0.0
5304,Exited,0.0027792870253248196,0.0
440,Exited,0.0014310514557266559,0.0
7606,Exited,-0.004193212257079235,0.0
4092,Exited,0.002857346644031666,0.0
6134,Exited,-0.002057126524031335,0.0
10,Exited,0.0009146882746788266,0.0
3776,Exited,0.00046809768568803977,0.0
8999,Exited,-0.000590349965434645,0.0
3708,Exited,0.0013359577455938749,0.0
3780,Exited,0.9932107121680548,1.0
93,Exited,-0.0012795463110592642,0.0
9239,Exited,-0.001693864726850589,0.0
3949,Exited,0.003802443931697208,0.0
5785,Exited,0.0003718635141458245,0.0
4870,Exited,0.996066492392484,1.0
4802,Exited,0.003333558325853522,0.0
4867,Exited,0.003199922890057127,0.0
292,Exited,0.001644872894323068,0.0
7888,Exited,0.0014956725896015178,0.0
7405,Exited,-0.0015796604233723026,0.0
5595,Exited,0.0007880333037907672,0.0
2886,Exited,0.0007409423771021807,0.0
6454,Exited,-0.0016661406869196236,0.0
2542,Exited,0.9894340637761764,1.0
1765,Exited,0.00035159536857801935,0.0
6800,Exited,-0.0008146451988173126,0.0
1877,Exited,0.9948986869628872,1.0
1981,Exited,0.004238794021007839,0.0
9729,Exited,-0.0034838437138662963,0.0
9608,Exited,0.002310044289084094,0.0
2685,Exited,0.0033371469378108546,0.0
8930,Exited,0.004277643639022118,0.0
3458,Exited,0.002939854296023214,0.0
4541,Exited,-0.0013476809507773288,0.0
2178,Exited,0.004082649735688072,0.0
4450,Exited,0.0029561159930935163,0.0
3859,Exited,0.003722746525446367,0.0
7623,Exited,0.004037659968295944,0.0
7654,Exited,0.00029158111639924263,0.0
4519,Exited,0.0007833534412585946,0.0
2517,Exited,0.0005413083101772787,0.0
4836,Exited,-0.001338335564496273,0.0
2885,Exited,0.002071429319477858,0.0
7281,Exited,0.9947095744622677,1.0
6255,Exited,0.9963631874141692,1.0
4539,Exited,-4.032376025087819e-05,0.0
5639,Exited,0.004143511699065269,0.0
9459,Exited,0.0033449482912030508,0.0
3481,Exited,-0.002290198097783157,0.0
1277,Exited,-0.000998609154290367,0.0
3146,Exited,0.9902549417689486,1.0
8262,Exited,0.002383558584992038,0.0
3205,Exited,0.9962866379000989,1.0
9892,Exited,-0.0008700400454044396,0.0
2742,Exited,-0.0005080514378297718,0.0
6076,Exited,0.0009475326596797206,0.0
4047,Exited,-0.0015717155684211695,0.0
5731,Exited,0.993570526491303,1.0
2945,Exited,0.9910280936033228,1.0
5790,Exited,-0.0008861225480634714,0.0
6794,Exited,0.0021445791678948757,0.0
6543,Exited,-0.0017862566452639893,0.0
700,Exited,0.0007472942190200128,0.0
3574,Exited,-0.0004641600231741691,0.0
7699,Exited,-0.0013242325716384213,0.0
2515,Exited,0.9966297375148987,1.0
3000,Exited,-0.001291252744591737,0.0
5820,Exited,0.0022862521405598137,0.0
8581,Exited,0.0020631925128618213,0.0
3684,Exited,-0.0017625160512542916,0.0
2995,Exited,-0.00035743267863904814,0.0
4252,Exited,0.0014045031699810662,0.0
3411,Exited,0.002376255078390381,0.0
7962,Exited,0.9940899490000316,1.0
6309,Exited,-0.0031763736291450153,0.0
8611,Exited,0.0005146813050975422,0.0
5012,Exited,0.0007446450750334642,0.0
7750,Exited,-0.002969143368869028,0.0
5979,Exited,-0.0010874403386656449,0.0
4048,Exited,0.0030484951618810806,0.0
4899,Exited,0.9920868813867367,1.0
1318,Exited,0.9916512664555925,1.0
9772,Exited,-0.0019502400450689835,0.0
9137,Exited,0.001647261283907884,0.0
7142,Exited,0.997237985126239,1.0
1897,Exited,0.0024847266350875264,0.0
7465,Exited,-0.0020569208146701302,0.0
603,Exited,0.9930312834717918,1.0
2846,Exited,0.0016917600023536935,0.0
8207,Exited,0.002255871293075592,0.0
393,Exited,0.9940982767775395,1.0
4436,Exited,-0.0010949375815745674,0.0
9447,Exited,0.9914977996574553,1.0
7234,Exited,0.0003508261452663912,0.0
5398,Exited,0.9938065566444024,1.0
95,Exited,0.00028198073456078094,0.0
1662,Exited,0.0011177468597839617,0.0
8970,Exited,0.003985794629643917,0.0
5130,Exited,-0.0021523223561871947,0.0
1488,Exited,0.9916925372542656,1.0
8316,Exited,0.0033004512425175627,0.0
2707,Exited,0.002249825719386427,0.0
1595,Exited,0.0010648244517252375,0.0
9277,Exited,-0.001656187022078281,0.0
2377,Exited,0.0023762487448339134,0.0
5140,Exited,-0.00016540829899151484,0.0
6147,Exited,-2.165096521946708e-05,0.0
8241,Exited,-0.0007026261123285276,0.0
3948,Exited,0.0023513067196491827,0.0
3933,Exited,0.0025409266368399243,0.0
4797,Exited,-0.0004739629502861775,0.0
4372,Exited,0.001136232807071219,0.0
9862,Exited,-0.0014886809093414104,0.0
8242,Exited,0.9952717115076605,1.0
3448,Exited,6.046970126296963e-05,0.0
2943,Exited,0.0016364645083246474,0.0
2465,Exited,-0.0014422597129453481,0.0
8582,Exited,-0.0010150980371126045,0.0
5506,Exited,-0.00261365965103587,0.0
2698,Exited,0.9920879977257785,1.0
2447,Exited,-0.001451663639509465,0.0
19,Exited,-0.0024550398273844136,0.0
2748,Exited,0.9964535009306139,1.0
5399,Exited,-0.001883717513607996,0.0
8078,Exited,0.00010685853814989491,0.0
6871,Exited,0.9952139675130187,1.0
4708,Exited,0.002737373324337566,0.0
9476,Exited,0.0028259434008615567,0.0
809,Exited,0.0016154216844539225,0.0
7477,Exited,0.9980934811128959,1.0
2273,Exited,-0.001401966092815305,0.0
1923,Exited,0.9924570709785488,1.0
1470,Exited,-0.0032299416673266038,0.0
7934,Exited,-0.0006608407302646779,0.0
7407,Exited,0.0003497390808242279,0.0
2406,Exited,0.0004489533138166454,0.0
1142,Exited,0.000546817056396393,0.0
1747,Exited,0.0021409358700194975,0.0
5709,Exited,0.0022553188922971486,0.0
4975,Exited,0.0026238180340114586,0.0
7300,Exited,0.00457982965333797,0.0
8148,Exited,0.0031589671035793772,0.0
2833,Exited,0.0038287544404652634,0.0
3131,Exited,-0.0004288162205980336,0.0
1310,Exited,-0.0019360490385909664,0.0
8650,Exited,0.0008256604382175655,0.0
6774,Exited,0.9938284874977182,1.0
6756,Exited,0.9923752441760468,1.0
620,Exited,0.0006945925031793419,0.0
2701,Exited,-0.0007120439815366925,0.0
2199,Exited,0.0010462562912700434,0.0
6196,Exited,-0.00032532650360722875,0.0
8824,Exited,-0.0005039064694689665,0.0
1046,Exited,0.9974562211789076,1.0
5768,Exited,-0.0015780116601899776,0.0
9947,Exited,0.990651443420986,1.0
9019,Exited,4.771350602236291e-05,0.0
743,Exited,0.9951796906070028,1.0
222,Exited,-0.0016748127126619255,0.0
3149,Exited,0.001977755060622743,0.0
625,Exited,0.002434370744237834,0.0
9334,Exited,-0.0033661328050569378,0.0
7566,Exited,0.9939116226594285,1.0
4582,Exited,0.0017887994332373832,0.0
5711,Exited,-0.0015966685042000917,0.0
3284,Exited,0.00013202250292695212,0.0
7585,Exited,0.9949482268180456,1.0
9646,Exited,0.9998880269557611,1.0
1530,Exited,-0.0035141420186851,0.0
9685,Exited,0.003104577619222678,0.0
353,Exited,-0.0028693318970780743,0.0
2474,Exited,0.9933649378048691,1.0
8013,Exited,0.001041632224398789,0.0
6475,Exited,0.9961735404292762,1.0
6449,Exited,0.9956606213111768,1.0
239,Exited,-0.0015781680258324087,0.0
2625,Exited,-0.0003252989450478563,0.0
9786,Exited,-0.0004553975583276547,0.0
7198,Exited,0.0024070361847826176,0.0
7692,Exited,0.008677029602747913,0.0
2997,Exited,-0.0030027103520978453,0.0
6440,Exited,0.9936541784514165,1.0
4562,Exited,0.0012448730358099575,0.0
8614,Exited,0.0013095067915743675,0.0
1479,Exited,-0.0026862186953004507,0.0
1018,Exited,0.9964653941409527,1.0
3094,Exited,-0.0004745357364541289,0.0
6182,Exited,0.0005727233444873803,0.0
4960,Exited,-0.0006671839888605672,0.0
8492,Exited,-0.0014293529583909756,0.0
1103,Exited,-7.595135625801603e-06,0.0
6081,Exited,0.9952739422497178,1.0
9525,Exited,0.9948632169776053,1.0
5190,Exited,0.002558090307051232,0.0
4181,Exited,-2.3006873722009134e-05,0.0
4467,Exited,0.0024028365467187937,0.0
1626,Exited,0.9900170123617507,1.0
6717,Exited,0.9965120444389441,1.0
3798,Exited,0.0015373454879547969,0.0
3053,Exited,0.001610603479761575,0.0
2867,Exited,-0.0017161493424027964,0.0
1432,Exited,0.00017260933405685705,0.0
7983,Exited,0.0032434211422522263,0.0
9346,Exited,0.0025111765891456138,0.0
9419,Exited,-0.0007620446525096886,0.0
4076,Exited,0.9981285160233605,1.0
217,Exited,0.0010381507139502278,0.0
3555,Exited,0.9918202485437189,1.0
7936,Exited,-0.00015311539608078959,0.0
8421,Exited,0.0037609820299860258,0.0
1034,Exited,0.0021927964493581673,0.0
3773,Exited,-0.0016993441081938226,0.0
4132,Exited,-0.002752869843007993,0.0
2335,Exited,0.994556689283843,1.0
6492,Exited,0.00021934692767567286,0.0
1482,Exited,-0.0015026423060573906,0.0
906,Exited,-0.0013917367018074786,0.0
6088,Exited,0.0016193313525004293,0.0
6466,Exited,0.992344457448469,1.0
5676,Exited,-0.001437363065598907,0.0
2770,Exited,-0.0027171588314948165,0.0
1805,Exited,-0.0010034906368455248,0.0
7374,Exited,0.9939074380303948,1.0
2114,Exited,0.001684812390818355,0.0
4534,Exited,0.0019447700142668214,0.0
2531,Exited,-3.652620885469075e-05,0.0
8525,Exited,-0.0011600516283789587,0.0
3470,Exited,-0.001790343264561253,0.0
1402,Exited,0.0004511100777980655,0.0
852,Exited,0.0008729427913480234,0.0
3082,Exited,0.9948838557901745,1.0
8024,Exited,-0.001535667564778926,0.0
7565,Exited,0.9966051302760366,1.0
5529,Exited,0.00022399542073567964,0.0
7854,Exited,0.001852582548436003,0.0
4932,Exited,0.00011871300651115869,0.0
5159,Exited,0.005001597432967175,0.0
9715,Exited,-0.0005088219986926646,0.0
3846,Exited,0.00053761948366396,0.0
6483,Exited,0.0010779448177614735,0.0
747,Exited,0.004768760861336416,0.0
3034,Exited,0.0004463750797434696,0.0
347,Exited,0.002030214018704196,0.0
3351,Exited,0.00022847408728674597,0.0
2864,Exited,-0.0001897068959037069,0.0
2167,Exited,0.0002132231465756609,0.0
6954,Exited,0.0012374904076668603,0.0
6209,Exited,0.9935886922252982,1.0
2777,Exited,0.9988031107276601,1.0
1441,Exited,0.0017403613337695987,0.0
5657,Exited,-0.00018356454349536156,0.0
9657,Exited,-0.0006450781281836949,0.0
3027,Exited,0.0023236074764821577,0.0
6117,Exited,0.003253296669061285,0.0
2483,Exited,0.0017955787273182253,0.0
2882,Exited,-0.0008531675347630513,0.0
5561,Exited,0.9964260479305964,1.0
763,Exited,0.0013778541678884032,0.0
6481,Exited,0.0002964117976707297,0.0
1616,Exited,0.0009322446505208135,0.0
1222,Exited,0.003191421602996033,0.0
8664,Exited,0.001338198523720375,0.0
6221,Exited,0.9936185744800999,1.0
1576,Exited,-0.0012877224331701853,0.0
9391,Exited,0.005303120467283424,0.0
6350,Exited,0.0006253905119987936,0.0
3782,Exited,0.9944694216860793,1.0
4374,Exited,0.0008054617070516882,0.0
708,Exited,-0.0013621655024796103,0.0
509,Exited,-0.0007123651150882449,0.0
2954,Exited,0.0016729801565708914,0.0
7537,Exited,0.0009704378637257241,0.0
6338,Exited,0.0015808679524332316,0.0
8922,Exited,-0.0006634177635438479,0.0
7063,Exited,0.0041368803090563325,0.0
7162,Exited,0.00041365459131466396,0.0
7371,Exited,-0.0005909141934626709,0.0
6828,Exited,-0.00079992881329792,0.0
3615,Exited,0.9932917068359587,1.0
4656,Exited,-0.00013622119396699628,0.0
6975,Exited,0.0028164593955993904,0.0
4350,Exited,0.00231157740065237,0.0
711,Exited,0.0009693546531708472,0.0
6478,Exited,0.0003201747755169704,0.0
9129,Exited,0.9940461179254505,1.0
8204,Exited,0.0008152252693851966,0.0
9203,Exited,0.9961670272870642,1.0
712,Exited,0.0021801432853588106,0.0
9112,Exited,0.0071776283816806586,0.0
1245,Exited,0.9958231591234242,1.0
9785,Exited,-0.0021007587451467354,0.0
6848,Exited,-5.0633704768751836e-05,0.0
5133,Exited,-0.0015533461879106481,0.0
715,Exited,0.001171888233295297,0.0
3463,Exited,0.9956686628969402,1.0
4394,Exited,-0.004007495425583629,0.0
4568,Exited,-0.002829796680662521,0.0
8803,Exited,0.0012925268934595984,0.0
8489,Exited,0.0005960982118185221,0.0
7701,Exited,0.9928489257842463,1.0
212,Exited,0.001163497192266111,0.0
9767,Exited,-0.0011223116060396455,0.0
6838,Exited,-0.0005195523118718178,0.0
1010,Exited,0.9943443102086873,1.0
323,Exited,0.000691238988239672,0.0
5396,Exited,-0.0008314068420073972,0.0
5990,Exited,-0.0019273340907088052,0.0
3172,Exited,0.0031635471431768506,0.0
334,Exited,0.0030123395973959796,0.0
8305,Exited,0.994900789063744,1.0
2210,Exited,-0.002837547879736318,0.0
4271,Exited,-0.0033485359041623367,0.0
6740,Exited,0.00016875891528565648,0.0
233,Exited,-0.0040451036390723475,0.0
5950,Exited,0.9957229893098981,1.0
5737,Exited,-0.0008900081086004744,0.0
7921,Exited,0.000605066363550641,0.0
2348,Exited,0.002964471596675596,0.0
2036,Exited,-0.002363190248309088,0.0
7484,Exited,0.0003516787419674907,0.0
6006,Exited,0.0013893854282438984,0.0
4553,Exited,-2.4479263353936742e-05,0.0
8072,Exited,0.9961679261924149,1.0
1458,Exited,-0.0034053386302203073,0.0
3288,Exited,-0.002457801513843584,0.0
3064,Exited,0.0013657558330079252,0.0
9436,Exited,0.0019521570618770408,0.0
774,Exited,0.9950604613827458,1.0
6832,Exited,-0.0018423479423321444,0.0
871,Exited,0.9949758969009465,1.0
8749,Exited,0.002253479198427261,0.0
1263,Exited,0.0022023373907500234,0.0
4833,Exited,-0.00019391019563386657,0.0
3894,Exited,5.612776181464305e-05,0.0
6323,Exited,0.0010517150436257809,0.0
9212,Exited,-0.0005316573813473517,0.0
7019,Exited,-0.0017711963785730462,0.0
1220,Exited,-0.0013871580678687968,0.0
1446,Exited,-0.0016535836955084023,0.0
3184,Exited,0.993784176280423,1.0
408,Exited,-0.0019339271555266777,0.0
4344,Exited,-0.0010252973652818452,0.0
3021,Exited,-0.0012674669242065976,0.0
2303,Exited,0.00024793655672400374,0.0
6271,Exited,0.994241608081349,1.0
8280,Exited,0.0013168294824149,0.0
6641,Exited,-0.0016142523757934316,0.0
6955,Exited,0.002099588821645516,0.0
2109,Exited,-0.0015188186084771167,0.0
5351,Exited,0.0007815963601265784,0.0
9683,Exited,-0.0011620655648856156,0.0
8343,Exited,0.9967660703118472,1.0
4549,Exited,0.9957762963888217,1.0
1880,Exited,0.0017524038228750437,0.0
5945,Exited,-0.0008941767672351257,0.0
1737,Exited,1.226256864032653e-06,0.0
7793,Exited,0.0012376018483518847,0.0
5212,Exited,0.99349866515369,1.0
3208,Exited,0.0020023835319994245,0.0
7082,Exited,-0.0010682813361578124,0.0
2055,Exited,0.0010720380427098495,0.0
1688,Exited,-0.0011984822830476312,0.0
4779,Exited,0.9943170163252874,1.0
7475,Exited,0.0005215030564948572,0.0
7876,Exited,0.9963590291315515,1.0
6749,Exited,-0.0026845273376865366,0.0
8555,Exited,-0.003664992995568061,0.0
8122,Exited,0.9957630346987325,1.0
6990,Exited,0.0008141000825690429,0.0
8266,Exited,0.00018958306422938256,0.0
8539,Exited,-0.0026830717424630775,0.0
3392,Exited,-0.00016495399602698834,0.0
6325,Exited,0.9955366130498347,1.0
3528,Exited,-0.002331433245798907,0.0
4604,Exited,-0.002748586237195507,0.0
7023,Exited,0.0003382468594146696,0.0
6321,Exited,0.0004410404083888893,0.0
745,Exited,2.026146640657974e-05,0.0
710,Exited,0.004582706810369933,0.0
379,Exited,0.9935397387903144,1.0
8782,Exited,-0.0013335860061766732,0.0
3011,Exited,0.002337129308052347,0.0
8858,Exited,-0.0011874141877195785,0.0
7152,Exited,0.9962725181848754,1.0
8566,Exited,0.9934133504771818,1.0
3497,Exited,0.9986057771653216,1.0
3889,Exited,0.003389054184697075,0.0
4484,Exited,-0.001418200091139161,0.0
4011,Exited,-0.0018389991394461049,0.0
2619,Exited,0.9985906622750415,1.0
6670,Exited,-0.0005432089472489424,0.0
6512,Exited,-0.002829271951708138,0.0
3467,Exited,-0.0019053961157055109,0.0
1313,Exited,0.0001155872759814906,0.0
8605,Exited,0.0021770900565916502,0.0
2069,Exited,-0.001722802135315742,0.0
2982,Exited,0.0009570222436230333,0.0
5914,Exited,-0.0027155832697813333,0.0
9170,Exited,-0.001996668897650938,0.0
1285,Exited,0.0019545748486057384,0.0
8990,Exited,-0.0027667537726405117,0.0
8429,Exited,-0.001631094753995776,0.0
1349,Exited,0.0029844470650183443,0.0
2611,Exited,0.0007223332720230004,0.0
9494,Exited,0.9914611046473003,1.0
3668,Exited,0.9944482305855098,1.0
2221,Exited,0.9935227319023833,1.0
427,Exited,0.0009476939359371044,0.0
653,Exited,0.9932370773503897,1.0
9913,Exited,0.0013622195716652772,0.0
3535,Exited,0.0007586212032349253,0.0
7736,Exited,0.001373653917604605,0.0
3245,Exited,0.9930747681639747,1.0
4740,Exited,-0.001413024649735215,0.0
9068,Exited,0.001553374346823219,0.0
4099,Exited,-0.0007557716695285061,0.0
4100,Exited,0.001342773707844689,0.0
6959,Exited,0.0006907232496137631,0.0
611,Exited,0.0003270115657524517,0.0
4288,Exited,0.000327663599995615,0.0
8570,Exited,-0.0023490554591252813,0.0
9712,Exited,-0.002575241868558926,0.0
1543,Exited,0.004120458805558112,0.0
9535,Exited,-0.000591763254910534,0.0
3853,Exited,-0.0007559426772542981,0.0
554,Exited,0.0007908529966904348,0.0
6365,Exited,0.9942822949705169,1.0
511,Exited,0.0011478352637893023,0.0
3206,Exited,0.9979415150187707,1.0
8084,Exited,-0.00255337475847193,0.0
967,Exited,0.0011000892377735828,0.0
6043,Exited,0.0006735726743400624,0.0
6879,Exited,-0.001974569923707303,0.0
6775,Exited,0.9962891211724567,1.0
3295,Exited,-0.0016995888134192921,0.0
8701,Exited,0.002020898594363638,0.0
3429,Exited,0.9939761534437656,1.0
8870,Exited,0.992413578603069,1.0
6962,Exited,-6.0322824280174955e-05,0.0
2088,Exited,-0.0004654864696459647,0.0
8499,Exited,-0.0012053933812936459,0.0
6162,Exited,-0.0003686426992498019,0.0
3210,Exited,0.0020615325864807295,0.0
9200,Exited,0.002272838907942723,0.0
6605,Exited,0.001727630541483435,0.0
1109,Exited,0.0009209269181471631,0.0
5728,Exited,-0.0007514337577210479,0.0
7829,Exited,-0.0018532941336034826,0.0
1038,Exited,-0.00047226034245520304,0.0
1194,Exited,0.00046568927012524144,0.0
4474,Exited,0.003377959369433785,0.0
9874,Exited,0.004151437371566239,0.0
2122,Exited,0.0007220034076618194,0.0
4982,Exited,-0.0022337851912692984,0.0
8973,Exited,0.00044205588661276715,0.0
5700,Exited,0.9910197223928114,1.0
934,Exited,-0.00040842964600361267,0.0
6101,Exited,0.9915572490603834,1.0
4689,Exited,0.9947624343125041,1.0
394,Exited,-0.0010720592145344351,0.0
4685,Exited,0.0012098885034391453,0.0
8776,Exited,0.0041404467948374865,0.0
9165,Exited,0.002889315566620644,0.0
5980,Exited,0.0005568547624964701,0.0
9942,Exited,-0.0010908067471434536,0.0
2191,Exited,0.9963082502432555,1.0
1297,Exited,-0.001684791089665794,0.0
5044,Exited,0.001029786711073281,0.0
1162,Exited,0.001714177399034865,0.0
4254,Exited,-0.0010068532346675036,0.0
6372,Exited,0.0017261074428602144,0.0
1527,Exited,0.0024730095164170246,0.0
4342,Exited,0.990134134562024,1.0
2030,Exited,-0.0025715768475785446,0.0
3060,Exited,0.001500356243366503,0.0
58,Exited,0.9994444994732687,1.0
2405,Exited,8.363931925149779e-05,0.0
5006,Exited,-0.00077992116155643,0.0
6157,Exited,-0.0010502846367183194,0.0
7375,Exited,0.0057647533874604865,0.0
4506,Exited,0.005999517221201369,0.0
5214,Exited,0.9943756119101688,1.0
6029,Exited,0.9939648213675507,1.0
1780,Exited,0.0003904946498033009,0.0
5447,Exited,0.0018777986873056375,0.0
4606,Exited,0.9945634413384442,1.0
6914,Exited,-0.0004945171050262142,0.0
676,Exited,-0.00012355293881991967,0.0
3582,Exited,0.002793974314338416,0.0
3653,Exited,0.002119867966070167,0.0
7920,Exited,-0.0012694696108487436,0.0
9499,Exited,-0.0018760083891205671,0.0
2732,Exited,0.9975731025237979,1.0
4787,Exited,-0.00021625530908502607,0.0
2754,Exited,0.0016661331331475127,0.0
2337,Exited,0.001674305793713939,0.0
3643,Exited,0.0023274681256073636,0.0
7737,Exited,0.9939395115291736,1.0
5516,Exited,0.00021995146507623742,0.0
5246,Exited,-0.0014694480031869654,0.0
866,Exited,0.0002691882042407392,0.0
4447,Exited,0.9937233292107793,1.0
5071,Exited,3.7880533799086e-05,0.0
4881,Exited,0.00041996844716756724,0.0
9510,Exited,-0.0031587004612700607,0.0
3002,Exited,0.001746263733940336,0.0
2225,Exited,-0.001144992468349454,0.0
9056,Exited,0.9922036222478928,1.0
4826,Exited,-0.0013780338759267555,0.0
7621,Exited,0.0012012249228248095,0.0
9689,Exited,0.0035536891605737206,0.0
5500,Exited,0.0012883512183597678,0.0
9700,Exited,-0.00118717379599881,0.0
8478,Exited,0.0035359523371483025,0.0
5502,Exited,0.0003798161738830803,0.0
1210,Exited,0.9957538965399961,1.0
9083,Exited,-0.001685328925338755,0.0
2288,Exited,-0.0019297133798924504,0.0
2183,Exited,-5.328301828420303e-06,0.0
2862,Exited,0.0024201444742546455,0.0
6861,Exited,0.003694047095134225,0.0
2362,Exited,0.9944038195647962,1.0
8463,Exited,0.9962245720717838,1.0
6332,Exited,0.0005039805453649958,0.0
4064,Exited,0.9889718759280576,1.0
9546,Exited,-0.0025358551393816296,0.0
617,Exited,0.9976778539797804,1.0
3281,Exited,-0.0010359090108445173,0.0
5226,Exited,-0.0009949408596606948,0.0
3397,Exited,0.0006791965673600868,0.0
3065,Exited,-0.0009640363392519787,0.0
766,Exited,0.006733580183908276,0.0
7078,Exited,0.004474640567298063,0.0
5279,Exited,-0.0005712794817991792,0.0
4149,Exited,0.0015493381981477353,0.0
1144,Exited,0.9921130891602626,1.0
4248,Exited,-0.0031388171080356103,0.0
4110,Exited,0.0029750138416833865,0.0
462,Exited,-0.0009046726308702788,0.0
2932,Exited,0.9962471274659683,1.0
4623,Exited,-0.0018259707937194726,0.0
3813,Exited,0.00523817625992108,0.0
6308,Exited,0.9968210430346889,1.0
4341,Exited,0.0004032598652745174,0.0
5300,Exited,-0.00254054559101842,0.0
6804,Exited,-0.0026575221397870776,0.0
3282,Exited,-0.0009616514005573863,0.0
2574,Exited,0.9931686154319358,1.0
7961,Exited,-0.0021083126122620893,0.0
7879,Exited,0.0026665697673496627,0.0
828,Exited,-0.0029428199538601898,0.0
6486,Exited,0.0033026909429889296,0.0
7599,Exited,0.994292352951836,1.0
2540,Exited,0.9964981790387772,1.0
5746,Exited,0.0003589864337605576,0.0
8526,Exited,-0.0012909224374892062,0.0
9566,Exited,0.9917862800669478,1.0
3742,Exited,0.001735977782393493,0.0
7498,Exited,-0.002499599380458563,0.0
3524,Exited,-0.0006902022090192104,0.0
20,Exited,-0.00018530402395100726,0.0
1915,Exited,-0.0011019316548948536,0.0
6571,Exited,0.996915348458975,1.0
9018,Exited,0.002646170373000396,0.0
2012,Exited,0.004849524312215468,0.0
5405,Exited,0.002760804443435792,0.0
1295,Exited,0.0005048138089879168,0.0
3745,Exited,0.000728428538673839,0.0
591,Exited,0.0020048287550189703,0.0
1406,Exited,-0.0028233576133653944,0.0
221,Exited,-0.0015008457072885001,0.0
5617,Exited,0.9957239459771822,1.0
6248,Exited,0.0042401061773731236,0.0
4418,Exited,0.002757563919321416,0.0
858,Exited,-0.001305758134113203,0.0
1783,Exited,-0.0014891047372116548,0.0
7259,Exited,-0.0005240446397187857,0.0
6856,Exited,-0.002065475563101449,0.0
1954,Exited,-0.00024792928852233366,0.0
1746,Exited,0.9973406071415722,1.0
3132,Exited,0.00011417430048928914,0.0
8036,Exited,-0.000335741022037928,0.0
8850,Exited,0.9930675654677701,1.0
994,Exited,0.002496455787956206,0.0
6108,Exited,-0.0013380399586120405,0.0
730,Exited,-0.0023337739657778526,0.0
6974,Exited,0.0014887976642047804,0.0
6273,Exited,0.9905108598056196,1.0
6751,Exited,0.9962400598640035,1.0
3509,Exited,0.0013394540784373735,0.0
3533,Exited,0.9931116639995444,1.0
2513,Exited,0.00016156745888675937,0.0
5436,Exited,0.001589606102659937,0.0
3625,Exited,-0.00203557211232642,0.0
465,Exited,0.0012789110761024743,0.0
6755,Exited,-0.0007739100834920996,0.0
6759,Exited,0.00693331264398998,0.0
7991,Exited,0.002303245455274216,0.0
157,Exited,-0.002667564660637625,0.0
3960,Exited,0.0013839186289983062,0.0
8832,Exited,-0.0009434403582699487,0.0
5470,Exited,-0.004057005892329584,0.0
185,Exited,0.0007032562744002753,0.0
1002,Exited,-0.0009436835404578628,0.0
9508,Exited,-0.0018772181937445256,0.0
5623,Exited,0.00032470971224712766,0.0
400,Exited,0.005609236527677195,0.0
6240,Exited,0.00015355275732072582,0.0
8940,Exited,0.0011904131737898982,0.0
9932,Exited,-0.005719522891908134,0.0
7342,Exited,-0.0014502681908321229,0.0
9832,Exited,0.9961616556789842,1.0
8466,Exited,0.0019346586801065723,0.0
8756,Exited,0.9925917847622386,1.0
7958,Exited,-0.0025106435693370843,0.0
1250,Exited,-0.0021472851710355846,0.0
3143,Exited,0.0018173915914592126,0.0
7430,Exited,0.001989640181877792,0.0
59,Exited,0.0011999780707875841,0.0
7855,Exited,0.002173750117345055,0.0
1113,Exited,0.9930862217953782,1.0
3057,Exited,0.0017620912332967672,0.0
9569,Exited,0.00045651199743804226,0.0
1328,Exited,0.9971265365036666,1.0
4995,Exited,-0.0009954779396909867,0.0
6682,Exited,2.9223575873422395e-05,0.0
2072,Exited,-0.0013230714968102465,0.0
4793,Exited,0.0012984935770886583,0.0
6829,Exited,7.791155160778046e-05,0.0
9629,Exited,0.0008383847258688461,0.0
8218,Exited,-0.0003894005098433865,0.0
7567,Exited,0.9943229576342258,1.0
5922,Exited,0.9926508995511668,1.0
1550,Exited,0.002952174370676776,0.0
1009,Exited,0.004212728195653542,0.0
3755,Exited,0.0021949104043759546,0.0
8681,Exited,6.985018518804284e-05,0.0
9342,Exited,0.00022007359848729173,0.0
8009,Exited,0.0007965448348184224,0.0
3860,Exited,0.0011794354413836791,0.0
3148,Exited,0.9907043256610442,1.0
2519,Exited,0.0027099507110656925,0.0
3127,Exited,0.9931682382348346,1.0
9084,Exited,0.9971479753862947,1.0
5316,Exited,0.0027359166505230136,0.0
1195,Exited,0.0020409442830167006,0.0
9050,Exited,-0.0005253050339816818,0.0
879,Exited,-0.00018268759769283615,0.0
6989,Exited,0.0015848839096930592,0.0
2487,Exited,0.0032824291450819906,0.0
2840,Exited,0.003002749985811377,0.0
4329,Exited,0.0042707936204749615,0.0
2930,Exited,0.002035355362404734,0.0
6424,Exited,0.9949986413130648,1.0
2485,Exited,0.00043581748528923416,0.0
5747,Exited,-0.00035595779403565066,0.0
883,Exited,0.9961351191891282,1.0
4914,Exited,-0.0012643837555612468,0.0
6210,Exited,-0.00017873381097340598,0.0
9578,Exited,-0.0013979486566969576,0.0
211,Exited,-0.0009673366742718199,0.0
2275,Exited,0.0005804553970746424,0.0
2328,Exited,-0.0015754725411027438,0.0
4950,Exited,0.0028725594472174907,0.0
3319,Exited,0.0004024028511389803,0.0
9834,Exited,0.9927191498511215,1.0
4607,Exited,0.9976918461333885,1.0
1438,Exited,0.9976475479554104,1.0
467,Exited,0.9915615104743255,1.0
5466,Exited,-0.0013917969002329687,0.0
3329,Exited,0.0032677157923492483,0.0
5828,Exited,0.0009807303311668981,0.0
8607,Exited,0.002264676830609384,0.0
696,Exited,0.996080115864696,1.0
7267,Exited,0.0012012334505626472,0.0
9144,Exited,0.0010420402754515103,0.0
8180,Exited,0.0017027598695519826,0.0
9938,Exited,0.0028180512658045826,0.0
1314,Exited,0.9967474440807863,1.0
2301,Exited,0.0019083392644604717,0.0
2039,Exited,0.0024096226237258983,0.0
7108,Exited,-0.0009122171965132639,0.0
3666,Exited,-0.0026027125388392285,0.0
914,Exited,-0.0021656239040672674,0.0
12,Exited,0.0023152374034334793,0.0
8583,Exited,-0.00024986059177174984,0.0
6427,Exited,0.001997610469424826,0.0
1536,Exited,0.0027644864091902377,0.0
736,Exited,0.004446446590168747,0.0
8201,Exited,0.0011188304212749252,0.0
8652,Exited,0.0029379353392313943,0.0
453,Exited,0.002220580519212323,0.0
4345,Exited,0.9935882441308129,1.0
927,Exited,-0.0005386959183258703,0.0
6291,Exited,-0.001658415615247843,0.0
8281,Exited,0.0010805215793541934,0.0
8722,Exited,0.0033094784451502294,0.0
6473,Exited,-0.0004674056818264787,0.0
37,Exited,-0.0015628130074273666,0.0
5770,Exited,0.0033506370098352178,0.0
2554,Exited,0.0010349117493595762,0.0
7632,Exited,0.0028132914315420346,0.0
9998,Exited,0.9959220829336148,1.0
6620,Exited,0.0016880460749998088,0.0
940,Exited,-0.0016074180695004343,0.0
7398,Exited,0.9915920380963998,1.0
6128,Exited,0.0005635168913674588,0.0
9829,Exited,-0.000134641171363124,0.0
2680,Exited,0.00342098076714262,0.0
4354,Exited,0.00443893206868897,0.0
3058,Exited,0.0016631369637105506,0.0
7880,Exited,0.0010933040072365731,0.0
738,Exited,0.003811132678716432,0.0
538,Exited,0.99389256851534,1.0
3325,Exited,-0.0018553912385948232,0.0
4239,Exited,0.0028954549707912213,0.0
1400,Exited,-0.0035380910511381754,0.0
4046,Exited,0.0007717479297384643,0.0
5137,Exited,0.992267031844607,1.0
4229,Exited,-0.002089765460019146,0.0
4191,Exited,0.0025470053596897517,0.0
9142,Exited,6.865191574243834e-05,0.0
5538,Exited,7.904739582187967e-05,0.0
2692,Exited,0.001539455190120371,0.0
5340,Exited,0.002909581304710361,0.0
9917,Exited,0.9936161863674942,1.0
7670,Exited,-0.002985805634106346,0.0
9173,Exited,0.9928636940703084,1.0
1807,Exited,0.9945885489274086,1.0
5111,Exited,-0.0035731706169948134,0.0
3989,Exited,-0.003095959826918803,0.0
3455,Exited,-0.0011961626454310343,0.0
2907,Exited,-0.004154520579669375,0.0
6651,Exited,0.004382045838484165,0.0
8287,Exited,-0.0006381352341575178,0.0
6244,Exited,-0.0017465062812477687,0.0
2697,Exited,0.001869593396700005,0.0
4016,Exited,-0.0007361915597412652,0.0
4339,Exited,0.0001483611923549931,0.0
4645,Exited,-0.0006024344918888706,0.0
7739,Exited,0.0004767480540324202,0.0
7091,Exited,0.9966759209252016,1.0
4692,Exited,-0.0009343929976202417,0.0
1739,Exited,4.3499361410652936e-05,0.0
5406,Exited,0.002411301463619819,0.0
4588,Exited,0.0013771684894961463,0.0
3125,Exited,-0.0013872266219374036,0.0
2157,Exited,-0.0006610110115771346,0.0
5333,Exited,0.0025794803763554285,0.0
8636,Exited,0.9957053833748685,1.0
1825,Exited,0.9970314061518056,1.0
4230,Exited,0.001433988422641299,0.0
3487,Exited,-5.599723405578529e-05,0.0
9053,Exited,0.0017761107944093896,0.0
9768,Exited,0.9937989499537933,1.0
3647,Exited,0.004105528248176514,0.0
5902,Exited,0.003018076564454489,0.0
6385,Exited,-0.0013381950220607355,0.0
5638,Exited,0.00211074543314084,0.0
6423,Exited,0.000983594561686444,0.0
7826,Exited,0.9989191726070437,1.0
7743,Exited,-0.0002073049252286456,0.0
3012,Exited,0.0025903074201754674,0.0
7671,Exited,0.9953540475900703,1.0
9548,Exited,0.003829635572065217,0.0
9977,Exited,0.990348663807332,0.0
3080,Exited,0.0010223835458368676,0.0
3520,Exited,0.9933748122336965,1.0
4978,Exited,-0.0022081005006079684,0.0
7619,Exited,0.0007506707479628075,0.0
4347,Exited,0.992097328439476,1.0
8440,Exited,-0.0017771063238225752,0.0
1346,Exited,-0.001157015897173411,0.0
7087,Exited,-0.001270968043586099,0.0
8947,Exited,0.00028812973429893983,0.0
5651,Exited,0.004230603334434283,0.0
8081,Exited,-0.0018111573510906681,0.0
1791,Exited,0.0019430546128870255,0.0
7428,Exited,-0.002132584881656831,0.0
9579,Exited,-0.0012663983331835868,0.0
9959,Exited,0.0025171713267869373,0.0
2270,Exited,0.9933402852585074,1.0
9766,Exited,0.0026376489936339917,0.0
2955,Exited,0.0008203533640667939,0.0
3443,Exited,0.9948475634027235,1.0
7735,Exited,0.9920167325042164,1.0
833,Exited,-0.0014670691587547954,0.0
6498,Exited,-0.000658312270345668,0.0
2991,Exited,0.004046708688606818,0.0
7792,Exited,0.0012263430447267299,0.0
2150,Exited,0.000461075662668665,0.0
4022,Exited,-0.0006360193542097733,0.0
7614,Exited,0.002639524170528569,0.0
6123,Exited,-0.002822032592673135,0.0
3338,Exited,-0.0035848918713534596,0.0
4343,Exited,0.998615757171524,1.0
4463,Exited,0.9986227461544835,1.0
2375,Exited,-0.00010597078472084727,0.0
9043,Exited,0.00038005389516411665,0.0
5570,Exited,0.9931657275891411,1.0
8598,Exited,0.002470240957118087,0.0
8503,Exited,0.0008469842913767761,0.0
8879,Exited,0.000901689964232389,0.0
1886,Exited,0.0012260546859220512,0.0
1197,Exited,0.0011739976707631334,0.0
6426,Exited,0.0027931877627332133,0.0
8910,Exited,0.9946857863708494,1.0
2935,Exited,0.0012553044594622973,0.0
6341,Exited,0.00023407131804885914,0.0
1429,Exited,-0.0019810394463314444,0.0
6306,Exited,-7.791269096595597e-05,0.0
3649,Exited,0.001663396505526638,0.0
1937,Exited,0.0011142280737735915,0.0
5171,Exited,0.00048365965895414364,0.0
7763,Exited,-0.0008745444866450043,0.0
6392,Exited,-0.0012655368752811317,0.0
1153,Exited,0.9964658435602946,1.0
6249,Exited,0.0041074747253197095,0.0
7036,Exited,0.0017514354373528716,0.0
4228,Exited,-0.0008238212558239022,0.0
4974,Exited,0.9959592753558072,1.0
6400,Exited,-0.00016317189378663166,0.0
3639,Exited,0.9956799235983551,1.0
3971,Exited,0.0013977311236494728,0.0
9593,Exited,0.004359407795217942,0.0
3375,Exited,0.9957795747933353,1.0
2486,Exited,0.0023262133031629866,0.0
6953,Exited,-0.0014397236310627823,0.0
605,Exited,-0.001230111496578641,0.0
7443,Exited,5.676177689159642e-06,0.0
5927,Exited,0.9945273016036211,1.0
2453,Exited,0.0030885316294535893,0.0
3608,Exited,0.0013276379506782158,0.0
1483,Exited,0.0004457006972568738,0.0
4518,Exited,0.0011648455246146545,0.0
3037,Exited,-0.003577231058586698,0.0
9351,Exited,0.0038045449600648063,0.0
7691,Exited,-0.0005475924083225541,0.0
4115,Exited,-0.001971567265543953,0.0
1426,Exited,0.002649902210265455,0.0
496,Exited,0.00036051477901987436,0.0
3352,Exited,-0.00040103216833220143,0.0
8793,Exited,0.0032243995907713383,0.0
758,Exited,0.0012821004301746275,0.0
837,Exited,0.0017323240354914706,0.0
4326,Exited,-0.004137388900227275,0.0
2127,Exited,0.0005781419849282508,0.0
1022,Exited,0.000150626202447912,0.0
8761,Exited,0.998932910206701,1.0
5613,Exited,0.0008179268382963116,0.0
5580,Exited,3.7897445805347126e-05,0.0
1057,Exited,0.9950079975407672,1.0
9541,Exited,0.00036777942448457286,0.0
6855,Exited,0.9953098056918076,1.0
7348,Exited,-0.0009008657981008387,0.0
9044,Exited,0.9967197526769337,1.0
2128,Exited,-0.0016928489846746724,0.0
2766,Exited,-0.001225903935719733,0.0
2108,Exited,0.004946388406060764,0.0
3616,Exited,0.9989376627748503,1.0
1544,Exited,0.0016284848782226308,0.0
6913,Exited,0.9909657367831372,1.0
1718,Exited,0.0009170100841950031,0.0
7434,Exited,0.0020295205620842784,0.0
7364,Exited,0.0005010522712713215,0.0
6234,Exited,0.0024495559996337646,0.0
724,Exited,-0.0005595552352283791,0.0
6672,Exited,-0.0005804452130302633,0.0
8028,Exited,0.0004144470508182414,0.0
5491,Exited,0.9905399952535263,1.0
1127,Exited,-0.0003710288622225423,0.0
2956,Exited,-0.0005486897157206778,0.0
5155,Exited,0.003093849606466752,0.0
4816,Exited,-0.002750902931208276,0.0
6201,Exited,0.0014661955654497504,0.0
6223,Exited,-0.0015138653448672932,0.0
8685,Exited,-0.000674625407931105,0.0
7113,Exited,-0.002322468051406055,0.0
5274,Exited,0.0025183473946557983,0.0
8535,Exited,0.9946034988792701,1.0
3043,Exited,0.003843827176717422,0.0
6911,Exited,0.995528371333368,1.0
149,Exited,-0.0026809964611263304,0.0
7573,Exited,0.0017915540150794888,0.0
4205,Exited,0.0008951049597164642,0.0
5492,Exited,-0.0009448683851830072,0.0
2689,Exited,0.9932282401419492,1.0
4220,Exited,0.9969005884637312,1.0
9101,Exited,-0.0008640301608263705,0.0
841,Exited,0.001020218450906375,0.0
8136,Exited,0.0011658379699711254,0.0
6437,Exited,0.0007037505274052594,0.0
9699,Exited,-0.0006007122027680387,0.0
6199,Exited,0.0007254819835430493,0.0
2794,Exited,0.997339551726389,1.0
7625,Exited,-0.002714433150640359,0.0
8474,Exited,-0.0015517266662753316,0.0
7889,Exited,0.0005381431230360449,0.0
6607,Exited,0.0018736133993832072,0.0
9194,Exited,0.0018470456275876867,0.0
8247,Exited,-0.004074522506510747,0.0
1392,Exited,0.002041987308646852,0.0
1921,Exited,0.9941556982899047,1.0
7018,Exited,0.9979786694335462,1.0
3621,Exited,-0.0006525082162545303,0.0
4848,Exited,-0.0007452843242962614,0.0
2291,Exited,-0.00036847898652259386,0.0
2133,Exited,0.0012346178169337673,0.0
550,Exited,0.0004868226029238424,0.0
1740,Exited,0.003213218916542384,0.0
5289,Exited,-0.0013825418675282959,0.0
1817,Exited,0.001638955415983807,0.0
4698,Exited,0.0033504642636851163,0.0
5181,Exited,-0.0002256847419062659,0.0
3018,Exited,0.0010659539994347742,0.0
17,Exited,-0.0026010518427730354,0.0
1770,Exited,0.9947101455238289,1.0
1888,Exited,0.001307554084097398,0.0
2152,Exited,0.9940114330738485,1.0
1642,Exited,0.004173151684946309,0.0
7846,Exited,-0.0011080554798907965,0.0
4193,Exited,0.0010336005985270948,0.0
9432,Exited,-0.0029149322281826814,0.0
8898,Exited,0.0022664315860690385,0.0
533,Exited,0.0016753746333326867,0.0
132,Exited,-0.00035302756064145005,0.0
7722,Exited,-0.002207670764194488,0.0
8458,Exited,0.005340773048026433,0.0
964,Exited,0.9931349443204399,1.0
8719,Exited,1.259416201951618e-05,0.0
6412,Exited,0.9936785138254135,1.0
8285,Exited,-0.0018902323922045917,0.0
7853,Exited,0.9974700252497561,1.0
1095,Exited,0.9937165468155892,1.0
6929,Exited,0.9916092299570354,1.0
